-- phpMyAdmin SQL Dump
-- version 4.8.4
-- https://www.phpmyadmin.net/
--
-- Host: localhost
-- Generation Time: Aug 12, 2021 at 03:43 PM
-- Server version: 10.1.37-MariaDB
-- PHP Version: 7.0.33

SET SQL_MODE = "NO_AUTO_VALUE_ON_ZERO";
SET AUTOCOMMIT = 0;
START TRANSACTION;
SET time_zone = "+00:00";


/*!40101 SET @OLD_CHARACTER_SET_CLIENT=@@CHARACTER_SET_CLIENT */;
/*!40101 SET @OLD_CHARACTER_SET_RESULTS=@@CHARACTER_SET_RESULTS */;
/*!40101 SET @OLD_COLLATION_CONNECTION=@@COLLATION_CONNECTION */;
/*!40101 SET NAMES utf8mb4 */;

--
-- Database: `db_smartcro`
--

-- --------------------------------------------------------

--
-- Table structure for table `mst_company`
--

CREATE TABLE `mst_company` (
  `nama` varchar(100) NOT NULL,
  `alamat` varchar(500) NOT NULL,
  `kota` varchar(100) NOT NULL,
  `telp` varchar(25) NOT NULL,
  `divisi` varchar(100) NOT NULL,
  `fax` varchar(25) NOT NULL,
  `ppn` int(11) NOT NULL,
  `id_company` int(11) NOT NULL,
  `id_parent` int(11) NOT NULL,
  `kode_kantor` varchar(50) NOT NULL,
  `kode_company` varchar(50) NOT NULL,
  `email` varchar(50) NOT NULL,
  `website` varchar(200) NOT NULL,
  `id_coa_rak_aktiva` int(11) DEFAULT NULL,
  `id_coa_rak_pasiva` int(11) DEFAULT NULL,
  `logo` varchar(500) NOT NULL
) ENGINE=InnoDB DEFAULT CHARSET=latin1;

--
-- Dumping data for table `mst_company`
--

INSERT INTO `mst_company` (`nama`, `alamat`, `kota`, `telp`, `divisi`, `fax`, `ppn`, `id_company`, `id_parent`, `kode_kantor`, `kode_company`, `email`, `website`, `id_coa_rak_aktiva`, `id_coa_rak_pasiva`, `logo`) VALUES
('SMART AREA JATIM', 'JL. RAYA WARU NO.92, DUSUN SAWO, SAWOTRATAP, KEC. GEDANGAN', 'SIDOARJO', '(031) 8550300', '', '', 10, 2, 1, 'JATIM', 'SMAJATIM', '', '', 0, 0, ''),
('SMART PUCANG', 'JL PUCANG ANOM TIMUR NO 25 A1-A2, KERTAJAYA KEC GUBENG', 'SURABAYA', '', '', '', 10, 4, 2, 'JATIM', 'SMAPCG', '', '', 0, 0, ''),
('SMART SIDOARJO', 'JL. RAYA WARU NO.92, DUSUN SAWO, SAWOTRATAP, KEC. GEDANGAN', 'SIDOARJO', '(031) 8550300', '', '', 10, 3, 2, 'JATIM', 'SMASDA', '', '', 0, 0, '');

-- --------------------------------------------------------

--
-- Table structure for table `mst_quest`
--

CREATE TABLE `mst_quest` (
  `id_quest` int(11) NOT NULL,
  `no_type` int(11) DEFAULT NULL,
  `type` text NOT NULL,
  `quest` varchar(100) NOT NULL,
  `nm_quest` varchar(500) NOT NULL
) ENGINE=InnoDB DEFAULT CHARSET=latin1;

--
-- Dumping data for table `mst_quest`
--

INSERT INTO `mst_quest` (`id_quest`, `no_type`, `type`, `quest`, `nm_quest`) VALUES
(1, 1, 'SERVICE', 'Service Counter', 'Apakah SERVICE COUNTER memberikan pelayanan yang baik ketika service?'),
(2, 2, 'SERVICE', 'Hasil Service', 'Apakah kualitas hasil service motor anda memuaskan?'),
(3, 3, 'SERVICE', 'Kondisi Showroom dan Bengkel', 'Apakah showroom dan bengkel Super Sukses Motor cukup nyaman/memadai?'),
(4, 4, 'SERVICE', 'Merekomendasikan SSM', 'Apakah anda akan merekomendasikan service motor Kawasaki di bengkel Super Sukses Motor?'),
(5, 1, 'SALES', 'TIM SALES', 'Apakah TIM SALES memberikan pelayanan yang baik dalam proses penjualan?'),
(6, 2, 'SALES', 'Kondisi Motor', 'Apakah motor Kawasaki anda diterima dalam kondisi baik?'),
(7, 3, 'SALES', 'Kondisi Showroom', 'Apakah showroom Super Sukses Motor cukup nyaman/memadai?'),
(8, 4, 'SALES', 'Merekomendasikan SSM', 'Apakah bapak/ibu akan merekomendasikan pembelian motor Kawasaki di Super Sukses Motor kepada orang lain?');

-- --------------------------------------------------------

--
-- Table structure for table `mst_respon`
--

CREATE TABLE `mst_respon` (
  `id_respon` int(11) NOT NULL,
  `nm_respon` varchar(100) NOT NULL
) ENGINE=InnoDB DEFAULT CHARSET=latin1;

--
-- Dumping data for table `mst_respon`
--

INSERT INTO `mst_respon` (`id_respon`, `nm_respon`) VALUES
(1, 'Tidak Aktif'),
(2, 'Salah Sambung'),
(3, 'Tidak Beri Nilai'),
(4, 'Tidak Terdaftar'),
(5, 'Tidak Direspon'),
(6, 'Call Sukses');

-- --------------------------------------------------------

--
-- Table structure for table `tb_detsurv`
--

CREATE TABLE `tb_detsurv` (
  `id_detsurv` int(11) NOT NULL,
  `id_hedsurv` int(11) DEFAULT NULL,
  `id_surv` int(11) DEFAULT NULL,
  `id_quest` int(11) DEFAULT NULL,
  `nilai` varchar(20) DEFAULT NULL
) ENGINE=InnoDB DEFAULT CHARSET=latin1;

--
-- Dumping data for table `tb_detsurv`
--

INSERT INTO `tb_detsurv` (`id_detsurv`, `id_hedsurv`, `id_surv`, `id_quest`, `nilai`) VALUES
(1, 1, 197, 1, '10'),
(2, 1, 197, 2, '9'),
(3, 1, 197, 3, '8'),
(4, 1, 197, 4, '9'),
(5, 2, 4, 5, '8'),
(6, 2, 4, 6, '10'),
(7, 2, 4, 7, '8'),
(8, 2, 4, 8, '9');

-- --------------------------------------------------------

--
-- Table structure for table `tb_hedsurv`
--

CREATE TABLE `tb_hedsurv` (
  `id_hedsurv` int(11) NOT NULL,
  `id_surv` int(11) DEFAULT NULL,
  `tgl_telp` varchar(20) DEFAULT NULL,
  `time_telp` varchar(20) DEFAULT NULL,
  `id_respon` int(11) DEFAULT NULL,
  `kritik_saran` text,
  `harga_beli` text,
  `harga_diskon` text,
  `status_dapat_invoice` int(11) DEFAULT NULL,
  `tipe_cust` int(11) DEFAULT NULL,
  `status_insert_detsurv` int(11) DEFAULT NULL,
  `created_at_by` text
) ENGINE=InnoDB DEFAULT CHARSET=latin1;

--
-- Dumping data for table `tb_hedsurv`
--

INSERT INTO `tb_hedsurv` (`id_hedsurv`, `id_surv`, `tgl_telp`, `time_telp`, `id_respon`, `kritik_saran`, `harga_beli`, `harga_diskon`, `status_dapat_invoice`, `tipe_cust`, `status_insert_detsurv`, `created_at_by`) VALUES
(1, 197, '2021-08-12', '20:12:57', 6, 'Good.', NULL, NULL, NULL, 2, 1, 'Created At 2021-08-12||20:12:57 & By aji - Aji Firmansyah'),
(2, 4, '2021-08-12', '20:13:22', 6, 'GOod.', '2000000', '1000000', 22, 1, 1, 'Created At 2021-08-12||20:13:22 & By aji - Aji Firmansyah');

-- --------------------------------------------------------

--
-- Table structure for table `tb_surv`
--

CREATE TABLE `tb_surv` (
  `id_surv` int(11) NOT NULL,
  `tgl_surv` date DEFAULT NULL,
  `id_comp` int(11) NOT NULL,
  `id_cust` int(11) NOT NULL,
  `nama_cust` varchar(100) NOT NULL,
  `telepon1` varchar(13) DEFAULT NULL,
  `telepon2` varchar(13) DEFAULT NULL,
  `hp` varchar(13) DEFAULT NULL,
  `type` varchar(100) NOT NULL,
  `tgl_inv` date NOT NULL,
  `tgl_telp` varchar(20) DEFAULT NULL,
  `time_telp` varchar(20) DEFAULT NULL,
  `diskon` int(11) NOT NULL,
  `id_respon` int(11) DEFAULT NULL,
  `kritik_saran` text,
  `harga_beli` text,
  `harga_diskon` text,
  `status_dapat_invoice` int(11) DEFAULT NULL,
  `tipe_cust` int(1) NOT NULL
) ENGINE=InnoDB DEFAULT CHARSET=latin1;

--
-- Dumping data for table `tb_surv`
--

INSERT INTO `tb_surv` (`id_surv`, `tgl_surv`, `id_comp`, `id_cust`, `nama_cust`, `telepon1`, `telepon2`, `hp`, `type`, `tgl_inv`, `tgl_telp`, `time_telp`, `diskon`, `id_respon`, `kritik_saran`, `harga_beli`, `harga_diskon`, `status_dapat_invoice`, `tipe_cust`) VALUES
(1, NULL, 3, 2199, 'BHISMA HUTAMA RAMADANY PUTRA MAARIF', '081233904023', NULL, NULL, 'VESPA SPRINT S IGET 150 ABS Black', '2021-07-01', NULL, NULL, 1000000, NULL, NULL, NULL, NULL, NULL, 1),
(2, NULL, 3, 2200, 'MARGARETHA LIESTYORINI', NULL, NULL, '081335826860', 'VESPA SPRINT S IGET 150 ABS Yellow Gloss', '2021-07-01', NULL, NULL, 500000, NULL, NULL, NULL, NULL, NULL, 1),
(3, NULL, 3, 2201, 'YENNY SUSANTI', NULL, NULL, '081553245324', 'Vespa Primavera 150 iGET ABS New White', '2021-07-01', NULL, NULL, 500000, NULL, NULL, NULL, NULL, NULL, 1),
(4, NULL, 4, 2207, 'WULAN INDARIYATI', NULL, NULL, '081336655965', 'VESPA PRIMAVERA 150 75TH ANNIVERSARY GOLD', '2021-07-02', '2021-08-12', '20:13:22', 0, 6, 'GOod.', '2000000', '1000000', 22, 1),
(5, NULL, 4, 2202, 'DUI ADE NOFEMBY SE', NULL, NULL, '081216414141', 'VESPA PRIMAVERA 150 75TH ANNIVERSARY GOLD', '2021-07-02', NULL, NULL, 0, NULL, NULL, NULL, NULL, NULL, 1),
(6, NULL, 4, 2203, 'CHRISTIAN TANUJAYA', NULL, NULL, '085332000027', 'VESPA GTS 150 IGET RST YELLOW', '2021-07-02', NULL, NULL, 2000000, NULL, NULL, NULL, NULL, NULL, 1),
(7, NULL, 4, 2204, 'DR. DWI PANGSARA WISNUMURTI', NULL, NULL, '081867711101', 'VESPA PRIMAVERA 150 75TH ANNIVERSARY GOLD', '2021-07-02', NULL, NULL, 0, NULL, NULL, NULL, NULL, NULL, 1),
(8, NULL, 4, 2205, 'LIA JAMALIYAH HANDIKA', NULL, NULL, NULL, 'VESPA PRIMAVERA 150 75TH ANNIVERSARY GOLD', '2021-07-02', NULL, NULL, 0, NULL, NULL, NULL, NULL, NULL, 1),
(9, NULL, 4, 2208, 'MOCH. DANI FIRMANSYA. SE', NULL, NULL, '081333849442', 'VESPA PRIMAVERA 150 75TH ANNIVERSARY GOLD', '2021-07-02', NULL, NULL, 0, NULL, NULL, NULL, NULL, NULL, 1),
(10, NULL, 4, 2209, 'BAGUS ALVIANTO SANJOYO', NULL, NULL, '087880017318', 'VESPA PRIMAVERA 150 75TH ANNIVERSARY GOLD', '2021-07-03', NULL, NULL, 0, NULL, NULL, NULL, NULL, NULL, 1),
(11, NULL, 3, 2213, 'IPONG', NULL, NULL, '085215434343', 'VESPA SPRINT S IGET 150 ABS Grey', '2021-07-02', NULL, NULL, 0, NULL, NULL, NULL, NULL, NULL, 1),
(12, NULL, 3, 2211, 'RENY  FEBRIYANTI', NULL, NULL, '08117307169', 'Vespa Primavera S 150 iGET ABS Green Rel', '2021-07-02', NULL, NULL, 500000, NULL, NULL, NULL, NULL, NULL, 1),
(13, NULL, 3, 2215, 'BLIBLI.COM QQ DERRICK FIRDAUS KURNIAWAN', NULL, NULL, '085733003777', 'Vespa Primavera S 150 iGET ABS BLUE', '2021-07-02', NULL, NULL, 1000000, NULL, NULL, NULL, NULL, NULL, 1),
(14, NULL, 3, 2210, 'RINA HARYATI, ST', NULL, NULL, '08113317300', 'VESPA GTS 150 IGET RST YELLOW', '2021-07-02', NULL, NULL, 0, NULL, NULL, NULL, NULL, NULL, 1),
(15, NULL, 3, 2214, 'INDRA TRISSILA', '0881027122468', NULL, '0881027122468', 'VESPA SPRINT S IGET 150 ABS Yellow Gloss', '2021-07-02', NULL, NULL, 1000000, NULL, NULL, NULL, NULL, NULL, 1),
(16, NULL, 4, 2216, 'IWAN GANI SETIAWAN, SE', NULL, NULL, '08121769077', 'VESPA PRIMAVERA 150 75TH ANNIVERSARY GOLD', '2021-07-03', NULL, NULL, 1000000, NULL, NULL, NULL, NULL, NULL, 1),
(17, NULL, 3, 2217, 'IDA YATUL FITRI', NULL, NULL, '085707992783', 'VESPA SPRINT IGET 150 ABS New Red Rosso', '2021-07-05', NULL, NULL, 0, NULL, NULL, NULL, NULL, NULL, 1),
(18, NULL, 3, 2221, 'I KETUT SUTENA', NULL, NULL, '0811344572', 'VESPA PRIMAVERA 150 75TH ANNIVERSARY GOLD', '2021-07-05', NULL, NULL, 0, NULL, NULL, NULL, NULL, NULL, 1),
(19, NULL, 3, 2220, 'ELLY GUSNAWATI', NULL, NULL, '081230708044', 'Vespa Primavera S 150 iGET ABS Green Rel', '2021-07-05', NULL, NULL, 500000, NULL, NULL, NULL, NULL, NULL, 1),
(20, NULL, 3, 2219, 'BLIBLI.COM QQ DIAH KURNIA FITRI LESTARI', '08123452525', NULL, NULL, 'VESPA PRIMAVERA 150 75TH ANNIVERSARY GOLD', '2021-07-05', NULL, NULL, 0, NULL, NULL, NULL, NULL, NULL, 1),
(21, NULL, 3, 2218, 'ELOK PUJI CAHYONO', NULL, NULL, '081330714315', 'NEW VESPA LX125 IGET RED', '2021-07-05', NULL, NULL, 3500000, NULL, NULL, NULL, NULL, NULL, 1),
(22, NULL, 3, 2222, 'MOCHAMAD NUR', NULL, NULL, '085850616669', 'Vespa Primavera S 150 iGET ABS BLUE', '2021-07-05', NULL, NULL, 1000000, NULL, NULL, NULL, NULL, NULL, 1),
(23, NULL, 4, 2225, 'DR. DWI WAHYU INDRAWANTO', NULL, NULL, '08123296966', 'VESPA PRIMAVERA 150 75TH ANNIVERSARY GOLD', '2021-07-06', NULL, NULL, 0, NULL, NULL, NULL, NULL, NULL, 1),
(24, NULL, 4, 2224, 'BLIBLI QQ ENDRO LAKSONO, SH', NULL, NULL, '0811376947', 'VESPA PRIMAVERA 150 75TH ANNIVERSARY GOLD', '2021-07-06', NULL, NULL, 0, NULL, NULL, NULL, NULL, NULL, 1),
(25, NULL, 4, 2223, 'FARHA ALIA', NULL, NULL, '085712369874', 'VESPA PRIMAVERA 150 75TH ANNIVERSARY GOLD', '2021-07-06', NULL, NULL, 0, NULL, NULL, NULL, NULL, NULL, 1),
(26, NULL, 3, 2236, 'BLIBLI.COM QQ BOBY KUSUMO WIBOWO', NULL, NULL, '081556655666', 'VESPA PRIMAVERA 150 75TH ANNIVERSARY GOLD', '2021-07-06', NULL, NULL, 0, NULL, NULL, NULL, NULL, NULL, 1),
(27, NULL, 4, 2228, 'NINA HERLIANI', NULL, NULL, '0818319888', 'VESPA PRIMAVERA 150 75TH ANNIVERSARY GOLD', '2021-07-06', NULL, NULL, 0, NULL, NULL, NULL, NULL, NULL, 1),
(28, NULL, 4, 2230, 'HENDRI', NULL, NULL, NULL, 'VESPA PRIMAVERA 150 75TH ANNIVERSARY GOLD', '2021-07-06', NULL, NULL, 0, NULL, NULL, NULL, NULL, NULL, 1),
(29, NULL, 3, 2227, 'BAMBANG PANCA WAHYUDI HARIADI, SH, MH', NULL, NULL, '081310515555', 'VESPA SPRINT S IGET 150 ABS Grey', '2021-07-06', NULL, NULL, 0, NULL, NULL, NULL, NULL, NULL, 1),
(30, NULL, 4, 2226, 'GALUH ISNAINI RIZAKIA', NULL, NULL, '087895154564', 'VESPA PRIMAVERA 150 75TH ANNIVERSARY GOLD', '2021-07-06', NULL, NULL, 0, NULL, NULL, NULL, NULL, NULL, 1),
(31, NULL, 4, 2229, 'HENDRI', NULL, NULL, NULL, 'VESPA PRIMAVERA 150 75TH ANNIVERSARY GOLD', '2021-07-06', NULL, NULL, 0, NULL, NULL, NULL, NULL, NULL, 1),
(32, NULL, 4, 2231, 'F. SUTARYO', '087756080020', NULL, '087756080020', 'VESPA PRIMAVERA 150 75TH ANNIVERSARY GOLD', '2021-07-07', NULL, NULL, 0, NULL, NULL, NULL, NULL, NULL, 1),
(33, NULL, 3, 2234, 'SUJADI', NULL, NULL, '082140969397', 'VESPA SPRINT S IGET 150 ABS Yellow Gloss', '2021-07-06', NULL, NULL, 0, NULL, NULL, NULL, NULL, NULL, 1),
(34, NULL, 4, 2232, 'NITA LEGIANTINI PURNAMA', NULL, NULL, '08122170539', 'VESPA PRIMAVERA 150 75TH ANNIVERSARY GOLD', '2021-07-06', NULL, NULL, 0, NULL, NULL, NULL, NULL, NULL, 1),
(35, NULL, 3, 2233, 'DELFI ANGGI PRATAMA', '081234483338', NULL, '081234483338', 'VESPA PRIMAVERA 150 75TH ANNIVERSARY GOLD', '2021-07-06', NULL, NULL, 0, NULL, NULL, NULL, NULL, NULL, 1),
(36, NULL, 3, 2235, 'NUZULUR RIZQI ARIFIN', NULL, NULL, '085607300048', 'VESPA SPRINT S IGET 150 ABS Yellow Gloss', '2021-07-06', NULL, NULL, 500000, NULL, NULL, NULL, NULL, NULL, 1),
(37, NULL, 3, 2239, 'EFFENDI', '081226573566', NULL, '081226573566', 'PIAGGIO VESPA S IGET 125 FL BLUE', '2021-07-06', NULL, NULL, 3000000, NULL, NULL, NULL, NULL, NULL, 1),
(38, NULL, 3, 2240, 'YULI ASTUTIK QQ ERFAN EFFENDI', NULL, NULL, '081231588717', 'Vespa Primavera 150 iGET ABS New Grey', '2021-07-06', NULL, NULL, 500000, NULL, NULL, NULL, NULL, NULL, 1),
(39, NULL, 3, 2241, 'ERVAN WIRAWAN', NULL, NULL, '087758919826', 'PIAGGIO VESPA S IGET 125 FL GREY', '2021-07-06', NULL, NULL, 3000000, NULL, NULL, NULL, NULL, NULL, 1),
(40, NULL, 3, 2250, 'MUHAMMAD RIZKY HIDAYAT', NULL, NULL, '081216963641', 'VESPA SPRINT S IGET 150 ABS Yellow Gloss', '2021-07-07', NULL, NULL, 0, NULL, NULL, NULL, NULL, NULL, 1),
(41, NULL, 3, 2251, 'IWAN, S. HUT', NULL, NULL, '081235666948', 'VESPA SPRINT S IGET 150 ABS Grey', '2021-07-07', NULL, NULL, 500000, NULL, NULL, NULL, NULL, NULL, 1),
(42, NULL, 3, 2244, 'CIKA HARTIANI', '081231749300', NULL, NULL, 'NEW VESPA LX IGET 125 3V YELLOW', '2021-07-07', NULL, NULL, 3000000, NULL, NULL, NULL, NULL, NULL, 1),
(43, NULL, 3, 2249, 'MUKLIS NURSANTO', NULL, NULL, '08111929256', 'VESPA PRIMAVERA 150 75TH ANNIVERSARY GOLD', '2021-07-09', NULL, NULL, 0, NULL, NULL, NULL, NULL, NULL, 1),
(44, NULL, 3, 2248, 'NOVI ANGGRAINI', NULL, NULL, '081217909338', 'Vespa Primavera S 150 iGET ABS Green Rel', '2021-07-07', NULL, NULL, 500000, NULL, NULL, NULL, NULL, NULL, 1),
(45, NULL, 4, 2243, 'BLIBLI QQ DEDDY SUSANTO', NULL, NULL, '081217318999', 'VESPA SPRINT S IGET 150 ABS Blue Ottanio', '2021-07-07', NULL, NULL, 1500000, NULL, NULL, NULL, NULL, NULL, 1),
(46, NULL, 4, 2242, 'RUKI ANDI, ST', '0811300322', NULL, '0811300322', 'VESPA PRIMAVERA 150 75TH ANNIVERSARY GOLD', '2021-07-07', NULL, NULL, 0, NULL, NULL, NULL, NULL, NULL, 1),
(47, NULL, 3, 2247, 'MOHAMMAD ALFAN MAKMUR Drs.MM', '08113366675', NULL, NULL, 'VESPA PRIMAVERA 150 75TH ANNIVERSARY GOLD', '2021-07-07', NULL, NULL, 0, NULL, NULL, NULL, NULL, NULL, 1),
(48, NULL, 3, 2254, 'WILLIAM DENNY CHANDRA', NULL, NULL, '08179679229', 'VESPA PRIMAVERA 150 75TH ANNIVERSARY GOLD', '2021-07-07', NULL, NULL, 0, NULL, NULL, NULL, NULL, NULL, 1),
(49, NULL, 3, 2255, 'DR. H. SUMANI, S.Pd, M.Pd', NULL, NULL, '081232606666', 'NEW VESPA LX125 IGET RED', '2021-07-07', NULL, NULL, 3000000, NULL, NULL, NULL, NULL, NULL, 1),
(50, NULL, 3, 2252, 'SYAIFUDIN ZUHRI', '081217945366', NULL, NULL, 'NEW VESPA LX125 IGET RED', '2021-07-07', NULL, NULL, 3000000, NULL, NULL, NULL, NULL, NULL, 1),
(51, NULL, 4, 2260, 'MOH. BAFARIRAHMAN PRATAMA', NULL, NULL, '082231200121', 'VESPA SPRINT S iGET 150 ABS GREY AVIO G', '2021-07-08', NULL, NULL, 0, NULL, NULL, NULL, NULL, NULL, 1),
(52, NULL, 4, 2257, 'MELLYSA BUDIMAN', NULL, NULL, '081231498181', 'VESPA PRIMAVERA 150 75TH ANNIVERSARY GOLD', '2021-07-08', NULL, NULL, 0, NULL, NULL, NULL, NULL, NULL, 1),
(53, NULL, 4, 2258, 'HANDOKO SINDUNOTO', NULL, NULL, '081231498181', 'VESPA PRIMAVERA 150 75TH ANNIVERSARY GOLD', '2021-07-08', NULL, NULL, 0, NULL, NULL, NULL, NULL, NULL, 1),
(54, NULL, 4, 2259, 'PUTRA DERMAWAN', NULL, NULL, '081892723321', 'VESPA PRIMAVERA 150 75TH ANNIVERSARY GOLD', '2021-07-08', NULL, NULL, 0, NULL, NULL, NULL, NULL, NULL, 1),
(55, NULL, 4, 2256, 'LINDA WIJAYA', NULL, NULL, '0818531584', 'VESPA PRIMAVERA 150 75TH ANNIVERSARY GOLD', '2021-07-08', NULL, NULL, 0, NULL, NULL, NULL, NULL, NULL, 1),
(56, NULL, 3, 2253, 'BRYAN KAHFI ANNURON', '081335641165', NULL, NULL, 'PIAGGIO VESPA S IGET 125 FL GREY', '2021-07-07', NULL, NULL, 3000000, NULL, NULL, NULL, NULL, NULL, 1),
(57, NULL, 4, 2263, 'ALFIAN LIMARDI', NULL, NULL, '08113420688', 'VESPA PRIMAVERA 150 75TH ANNIVERSARY GOLD', '2021-07-08', NULL, NULL, 0, NULL, NULL, NULL, NULL, NULL, 1),
(58, NULL, 4, 2265, 'MUHAMMAD EZRA WIBISONO', NULL, NULL, '082131027168', 'Vespa Primavera S 150 iGET ABS Grey Azzu', '2021-07-09', NULL, NULL, 1000000, NULL, NULL, NULL, NULL, NULL, 1),
(59, NULL, 4, 2267, 'DR. SOENDORO WIDJAJA, SH', NULL, NULL, NULL, 'VESPA GTS 300 75TH ANNIVERSARY GOLD', '2021-07-09', NULL, NULL, 0, NULL, NULL, NULL, NULL, NULL, 1),
(60, NULL, 4, 2266, 'DR. SOENDORO WIDJAJA, SH', NULL, NULL, NULL, 'VESPA PRIMAVERA 150 75TH ANNIVERSARY GOLD', '2021-07-09', NULL, NULL, 0, NULL, NULL, NULL, NULL, NULL, 1),
(61, NULL, 4, 2262, 'HENRY WIBOWO', NULL, NULL, '0818577785', 'VESPA PRIMAVERA 150 75TH ANNIVERSARY GOLD', '2021-07-08', NULL, NULL, 0, NULL, NULL, NULL, NULL, NULL, 1),
(62, NULL, 4, 2272, 'YAYUK NISVITA', NULL, NULL, '085755500081', 'NEW VESPA LX125 IGET RED', '2021-07-09', NULL, NULL, 3000000, NULL, NULL, NULL, NULL, NULL, 1),
(63, NULL, 4, 2269, 'NURUL HIDAYATI', NULL, NULL, '081334441161', 'Vespa Primavera 150 iGET ABS New Orange', '2021-07-09', NULL, NULL, 500000, NULL, NULL, NULL, NULL, NULL, 1),
(64, NULL, 4, 2271, 'SUPIAHTI', '081703344603', NULL, '081703344603', 'VESPA PRIMAVERA 150 75TH ANNIVERSARY GOLD', '2021-07-09', NULL, NULL, 0, NULL, NULL, NULL, NULL, NULL, 1),
(65, NULL, 4, 2274, 'LUKIANTO RAHARJO', NULL, NULL, '081330299293', 'Vespa Primavera 150 iGET ABS New Orange', '2021-07-09', NULL, NULL, 1500000, NULL, NULL, NULL, NULL, NULL, 1),
(66, NULL, 3, 2273, 'AMSIK ROMACHIS', NULL, NULL, '08123363669', 'VESPA PRIMAVERA 150 75TH ANNIVERSARY GOLD', '2021-07-09', NULL, NULL, 0, NULL, NULL, NULL, NULL, NULL, 1),
(67, NULL, 4, 2276, 'DANIEL ANTONIO', '081234507711', NULL, '081234507711', 'VESPA PRIMAVERA 150 75TH ANNIVERSARY GOLD', '2021-07-09', NULL, NULL, 0, NULL, NULL, NULL, NULL, NULL, 1),
(68, NULL, 4, 2264, 'ARIEF YUDI ANUGRAH', NULL, NULL, '081806666656', 'VESPA PRIMAVERA 150 75TH ANNIVERSARY GOLD', '2021-07-09', NULL, NULL, 0, NULL, NULL, NULL, NULL, NULL, 1),
(69, NULL, 3, 2279, 'FRIAN DERMAWAN', NULL, NULL, '087776973346', 'VESPA SPRINT IGET 150 ABS New BLACK', '2021-07-09', NULL, NULL, 1000000, NULL, NULL, NULL, NULL, NULL, 1),
(70, NULL, 3, 2277, 'DIAN AGUNG ZAINUDIN', NULL, NULL, NULL, 'PIAGGIO VESPA S IGET 125 FL GREY', '2021-07-09', NULL, NULL, 3000000, NULL, NULL, NULL, NULL, NULL, 1),
(71, NULL, 3, 2284, 'ALI AFANDI', '081331926444', NULL, '081331926444', 'VESPA PRIMAVERA 150 75TH ANNIVERSARY GOLD', '2021-07-10', NULL, NULL, 0, NULL, NULL, NULL, NULL, NULL, 1),
(72, NULL, 4, 2282, 'ALEX HANJOYO', NULL, NULL, '081331755954', 'Vespa Primavera 150 iGET ABS New Grey', '2021-07-09', NULL, NULL, 1000000, NULL, NULL, NULL, NULL, NULL, 1),
(73, NULL, 3, 2286, 'BAGUS ONGKY PRASETYO UTOMO', NULL, NULL, NULL, 'VESPA SPRINT S IGET 150 ABS Black', '2021-07-10', NULL, NULL, 1000000, NULL, NULL, NULL, NULL, NULL, 1),
(74, NULL, 4, 2268, 'JUNAEDI SUTANTO', NULL, NULL, '081314993430', 'Vespa Primavera S 150 iGET ABS Green Rel', '2021-07-09', NULL, NULL, 1000000, NULL, NULL, NULL, NULL, NULL, 1),
(75, NULL, 3, 2285, 'RANTINI', NULL, NULL, '081334165524', 'VESPA SPRINT iGET 150 ABS NEW WHITE GLOSSY', '2021-07-10', NULL, NULL, 500000, NULL, NULL, NULL, NULL, NULL, 1),
(76, NULL, 3, 2278, 'BLIBLI.COM QQ ERLIASIH', NULL, NULL, '085102183800', 'VESPA PRIMAVERA 150 75TH ANNIVERSARY GOLD', '2021-07-09', NULL, NULL, 0, NULL, NULL, NULL, NULL, NULL, 1),
(77, NULL, 3, 2283, 'ANDY EKA FANTRI', NULL, NULL, NULL, 'VESPA PRIMAVERA 150 75TH ANNIVERSARY GOLD', '2021-07-10', NULL, NULL, 0, NULL, NULL, NULL, NULL, NULL, 1),
(78, NULL, 4, 2280, 'ERMA SILVIE FADILLAH', NULL, NULL, '08112632004', 'Vespa Primavera S 150 iGET ABS Green Rel', '2021-07-13', NULL, NULL, 0, NULL, NULL, NULL, NULL, NULL, 1),
(79, NULL, 4, 2281, 'CLEMENT OETOMO', NULL, NULL, '081235070304', 'VESPA PRIMAVERA 150 75TH ANNIVERSARY GOLD', '2021-07-09', NULL, NULL, 0, NULL, NULL, NULL, NULL, NULL, 1),
(80, NULL, 3, 2292, 'DR TANTO ISWAHYUDI', NULL, NULL, NULL, 'Vespa Primavera S 150 iGET ABS Green Rel', '2021-07-10', NULL, NULL, 1000000, NULL, NULL, NULL, NULL, NULL, 1),
(81, NULL, 3, 2289, 'YENI HERAWATI', NULL, NULL, '081331828383', 'Vespa Primavera S 150 iGET ABS Green Rel', '2021-07-10', NULL, NULL, 1000000, NULL, NULL, NULL, NULL, NULL, 1),
(82, NULL, 3, 2288, 'ANIK SYAFA\'ATUN', '082338768333', NULL, NULL, 'VESPA SPRINT S IGET 150 ABS Blue Ottanio', '2021-07-10', NULL, NULL, 1000000, NULL, NULL, NULL, NULL, NULL, 1),
(83, NULL, 4, 2297, 'RAHMA ARUM SARI', NULL, NULL, '0811363413', 'Vespa Primavera S 150 iGET ABS Green Rel', '2021-07-12', NULL, NULL, 1000000, NULL, NULL, NULL, NULL, NULL, 1),
(84, NULL, 4, 2301, 'ACHMAD LEFI, DR', NULL, NULL, '0811356160', 'VESPA PRIMAVERA 150 75TH ANNIVERSARY GOLD', '2021-07-13', NULL, NULL, 0, NULL, NULL, NULL, NULL, NULL, 1),
(85, NULL, 4, 2300, 'BLIBLI QQ ARIF TJAHJONO', NULL, NULL, '081234408687', 'VESPA PRIMAVERA 150 75TH ANNIVERSARY GOLD', '2021-07-12', NULL, NULL, 0, NULL, NULL, NULL, NULL, NULL, 1),
(86, NULL, 3, 2307, 'AYU RAHAYU NINGSIH', '081249336600', NULL, NULL, 'VESPA PRIMAVERA 150 75TH ANNIVERSARY GOLD', '2021-07-12', NULL, NULL, 0, NULL, NULL, NULL, NULL, NULL, 1),
(87, NULL, 3, 2305, 'TINTUS RADITYO KUSUMO', '081234511335', NULL, NULL, 'VESPA PRIMAVERA 150 75TH ANNIVERSARY GOLD', '2021-07-12', NULL, NULL, 0, NULL, NULL, NULL, NULL, NULL, 1),
(88, NULL, 3, 2306, 'HILMY YAVI RAMADHANI', '082227370185', NULL, NULL, 'VESPA SPRINT IGET 150 ABS New BLACK', '2021-07-12', NULL, NULL, 1000000, NULL, NULL, NULL, NULL, NULL, 1),
(89, NULL, 3, 2304, 'BAGUS HADI WIBOWO', NULL, NULL, '081554144605', 'PIAGGIO VESPA S IGET 125 FL BLUE', '2021-07-12', NULL, NULL, 3000000, NULL, NULL, NULL, NULL, NULL, 1),
(90, NULL, 3, 2310, 'OCHENG SUHENDRA PUTRA', NULL, NULL, '082344648181', 'VESPA PRIMAVERA 150 75TH ANNIVERSARY GOLD', '2021-07-14', NULL, NULL, 0, NULL, NULL, NULL, NULL, NULL, 1),
(91, NULL, 3, 2312, 'GANGGENG HANDOKO PURWONO', NULL, NULL, '081357863583', 'NEW VESPA LX125 IGET BLACK', '2021-07-14', NULL, NULL, 3000000, NULL, NULL, NULL, NULL, NULL, 1),
(92, NULL, 3, 2313, 'SUHERMAN', NULL, NULL, '0877820783722', 'PIAGGIO VESPA S IGET 125 FL BLUE', '2021-07-14', NULL, NULL, 3000000, NULL, NULL, NULL, NULL, NULL, 1),
(93, NULL, 3, 2309, 'LAZUARDI FAHMI RIANSYAH,STP', '082337003003', NULL, NULL, 'VESPA PRIMAVERA 150 75TH ANNIVERSARY GOLD', '2021-07-14', NULL, NULL, 0, NULL, NULL, NULL, NULL, NULL, 1),
(94, NULL, 4, 2317, 'ZULVIA EKSANTI TJISTAMADYA', NULL, NULL, NULL, 'Vespa Primavera 150 iGET ABS New White', '2021-07-14', NULL, NULL, 1000000, NULL, NULL, NULL, NULL, NULL, 1),
(95, NULL, 4, 2322, 'EDDY SOEHARTONO', NULL, NULL, '0811300322', 'VESPA PRIMAVERA 150 75TH ANNIVERSARY GOLD', '2021-07-15', NULL, NULL, 0, NULL, NULL, NULL, NULL, NULL, 1),
(96, NULL, 3, 2315, 'SUYATNO', NULL, NULL, '081234929537', 'VESPA SPRINT S IGET 150 ABS Black', '2021-07-14', NULL, NULL, 0, NULL, NULL, NULL, NULL, NULL, 1),
(97, NULL, 3, 2316, 'HARDIAN EKO YULIANTO', NULL, NULL, '082337548777', 'VESPA SPRINT S IGET 150 ABS Yellow Gloss', '2021-07-14', NULL, NULL, 1000000, NULL, NULL, NULL, NULL, NULL, 1),
(98, NULL, 3, 2320, 'NINA PUJI LESTARI', NULL, NULL, NULL, 'VESPA SPRINT S IGET 150 ABS Yellow Gloss', '2021-07-14', NULL, NULL, 1000000, NULL, NULL, NULL, NULL, NULL, 1),
(99, NULL, 4, 2319, 'IRSYAD DWI YANUARIZAL', NULL, NULL, NULL, 'Vespa Primavera S 150 iGET ABS Grey Azzu', '2021-07-14', NULL, NULL, 1000000, NULL, NULL, NULL, NULL, NULL, 1),
(100, NULL, 4, 2321, 'DR AYUE ZONE PRATITIS', NULL, NULL, '087890907876', 'Vespa Primavera S 150 iGET ABS Green Rel', '2021-07-14', NULL, NULL, 1000000, NULL, NULL, NULL, NULL, NULL, 1),
(101, NULL, 4, 2314, 'SARONO', '08215546387', NULL, '08215546387', 'VESPA PRIMAVERA 150 75TH ANNIVERSARY GOLD', '2021-07-14', NULL, NULL, 0, NULL, NULL, NULL, NULL, NULL, 1),
(102, NULL, 3, 2328, 'MOHAMMAD TAUFIK HIDAYAT', NULL, NULL, '087850725250', 'VESPA SPRINT S IGET 150 ABS Blue Ottanio', '2021-07-15', NULL, NULL, 1000000, NULL, NULL, NULL, NULL, NULL, 1),
(103, NULL, 3, 2330, 'M.ABD.HAMID', NULL, NULL, NULL, 'VESPA SPRINT S IGET 150 ABS Grey', '2021-07-15', NULL, NULL, 1000000, NULL, NULL, NULL, NULL, NULL, 1),
(104, NULL, 4, 2326, 'EKO ARDIANSYAH', NULL, NULL, '087757774865', 'Vespa Primavera S 150 iGET ABS Grey Azzu', '2021-07-15', NULL, NULL, 1000000, NULL, NULL, NULL, NULL, NULL, 1),
(105, NULL, 4, 2331, 'REZA FITRIANA PUSPITASARI', NULL, NULL, '082232781074', 'VESPA SPRINT S IGET 150 ABS Black', '2021-07-16', NULL, NULL, 1000000, NULL, NULL, NULL, NULL, NULL, 1),
(106, NULL, 4, 2323, 'SYAFIH', NULL, NULL, '081939331093', 'VESPA GTS 150 IGET RST YELLOW', '2021-07-16', NULL, NULL, 2000000, NULL, NULL, NULL, NULL, NULL, 1),
(107, NULL, 3, 2332, 'BAMBANG MURANTO, S.SOS', NULL, NULL, '081246874937', 'VESPA SPRINT S IGET 150 ABS Black', '2021-07-16', NULL, NULL, 0, NULL, NULL, NULL, NULL, NULL, 1),
(108, NULL, 3, 2333, 'ETIK SARASWATI', '0812-5967-403', NULL, '0812-5967-403', 'Vespa GTS 150 iGET RST Green Relax', '2021-07-16', NULL, NULL, 2000000, NULL, NULL, NULL, NULL, NULL, 1),
(109, NULL, 3, 2338, 'DIAH KARTIKA SARI', NULL, NULL, NULL, 'Vespa GTS 150 iGET RST Green Relax', '2021-07-17', NULL, NULL, 2000000, NULL, NULL, NULL, NULL, NULL, 1),
(110, NULL, 3, 2334, 'MUHAMMAD SYAMSUDIN', NULL, NULL, NULL, 'Vespa Primavera S 150 iGET ABS Green Rel', '2021-07-16', NULL, NULL, 1000000, NULL, NULL, NULL, NULL, NULL, 1),
(111, NULL, 3, 2342, 'WAHYU NAWANGSARI QQ DWI SULISTIYONO', NULL, NULL, '082330660115', 'VESPA PRIMAVERA 150 75TH ANNIVERSARY GOLD', '2021-07-19', NULL, NULL, 0, NULL, NULL, NULL, NULL, NULL, 1),
(112, NULL, 3, 2343, 'SUYATMI', '087849862553', NULL, '087849862553', 'PIAGGIO VESPA S IGET 125 FL GREY', '2021-07-19', NULL, NULL, 3000000, NULL, NULL, NULL, NULL, NULL, 1),
(113, NULL, 4, 2341, 'SONY GUNAWAN', NULL, NULL, '081703637126', 'Vespa Primavera 150 iGET ABS New Grey', '2021-07-19', NULL, NULL, 500000, NULL, NULL, NULL, NULL, NULL, 1),
(114, NULL, 3, 2336, 'SUWAIBAH', NULL, NULL, '085852530865', 'Vespa Primavera S 150 iGET ABS Green Rel', '2021-07-19', NULL, NULL, 500000, NULL, NULL, NULL, NULL, NULL, 1),
(115, NULL, 3, 2345, 'WAHONO SAPUTRA', '087888881492', NULL, NULL, 'VESPA PRIMAVERA 150 75TH ANNIVERSARY GOLD', '2021-07-19', NULL, NULL, 0, NULL, NULL, NULL, NULL, NULL, 1),
(116, NULL, 3, 2346, 'WAHONO SAPUTRA', '087888881492', NULL, NULL, 'VESPA PRIMAVERA 150 75TH ANNIVERSARY GOLD', '2021-07-19', NULL, NULL, 0, NULL, NULL, NULL, NULL, NULL, 1),
(117, NULL, 3, 2347, 'WAHONO SAPUTRA', '087888881492', NULL, NULL, 'VESPA PRIMAVERA 150 75TH ANNIVERSARY GOLD', '2021-07-19', NULL, NULL, 0, NULL, NULL, NULL, NULL, NULL, 1),
(118, NULL, 3, 2348, 'WAHONO SAPUTRA', '087888881492', NULL, NULL, 'VESPA PRIMAVERA 150 75TH ANNIVERSARY GOLD', '2021-07-19', NULL, NULL, 0, NULL, NULL, NULL, NULL, NULL, 1),
(119, NULL, 3, 2349, 'WAHONO SAPUTRA', '087888881492', NULL, NULL, 'VESPA PRIMAVERA 150 75TH ANNIVERSARY GOLD', '2021-07-19', NULL, NULL, 0, NULL, NULL, NULL, NULL, NULL, 1),
(120, NULL, 4, 2344, 'AMBAR PURWANTO', NULL, NULL, '081333849442', 'VESPA PRIMAVERA 150 75TH ANNIVERSARY GOLD', '2021-07-19', NULL, NULL, 0, NULL, NULL, NULL, NULL, NULL, 1),
(121, NULL, 3, 2352, 'MA\'NAWI S.PD', '085536487097', NULL, '085536487097', 'Vespa Primavera 150 iGET ABS New White', '2021-07-19', NULL, NULL, 1000000, NULL, NULL, NULL, NULL, NULL, 1),
(122, NULL, 3, 2353, 'ACHMAD FAHRIZAN HAFIDZ', NULL, NULL, '082276838719', 'PIAGGIO VESPA S IGET 125 FL GREY', '2021-07-19', NULL, NULL, 3000000, NULL, NULL, NULL, NULL, NULL, 1),
(123, NULL, 3, 2355, 'YUDI INDRA KUSUMA', NULL, NULL, '081246665220', 'VESPA SPRINT S IGET 150 ABS Grey', '2021-07-19', NULL, NULL, 1000000, NULL, NULL, NULL, NULL, NULL, 1),
(124, NULL, 3, 2350, 'RIEZKY RHOMDHONI', NULL, NULL, '08563225545', 'Vespa Primavera S 150 iGET ABS Green Rel', '2021-07-19', NULL, NULL, 1100000, NULL, NULL, NULL, NULL, NULL, 1),
(125, NULL, 3, 2354, 'SUSHERIYANTO S.KOM', NULL, NULL, '083856793214', 'VESPA PRIMAVERA 150 75TH ANNIVERSARY GOLD', '2021-07-19', NULL, NULL, 0, NULL, NULL, NULL, NULL, NULL, 1),
(126, NULL, 4, 2359, 'MOCHAMMAD KRISNAFAL TAUFIQ', NULL, NULL, '082247345620', 'Vespa Primavera S 150 iGET ABS Green Rel', '2021-07-21', NULL, NULL, 1000000, NULL, NULL, NULL, NULL, NULL, 1),
(127, NULL, 4, 2358, 'NAJIH PRASTIYO', NULL, NULL, '085711114326', 'VESPA SPRINT iGET 150 ABS NEW WHITE GLOSSY', '2021-07-21', NULL, NULL, 1000000, NULL, NULL, NULL, NULL, NULL, 1),
(128, NULL, 4, 2356, 'ARIF AFANDI', NULL, NULL, '087867610090', 'VESPA PRIMAVERA 150 75TH ANNIVERSARY GOLD', '2021-07-21', NULL, NULL, 0, NULL, NULL, NULL, NULL, NULL, 1),
(129, NULL, 4, 2351, 'ONDIK ANDRIANTO, SH', NULL, NULL, '081359773663', 'VESPA SPRINT S IGET 150 ABS Black', '2021-07-23', NULL, NULL, 1000000, NULL, NULL, NULL, NULL, NULL, 1),
(130, NULL, 3, 2357, 'IR. HERU SUSANTO, M.MT', NULL, NULL, '087877289748', 'VESPA GTV SEI GIORNI HPE 300', '2021-07-21', NULL, NULL, 0, NULL, NULL, NULL, NULL, NULL, 1),
(131, NULL, 3, 2360, 'DONY PRADANA ARIYANSYA S.Pd', NULL, NULL, '082244908090', 'PIAGGIO VESPA S IGET 125 FL GREY', '2021-07-22', NULL, NULL, 3000000, NULL, NULL, NULL, NULL, NULL, 1),
(132, NULL, 3, 2362, 'Nanik Erlita', NULL, NULL, '082232439919', 'Vespa Primavera S 150 iGET ABS Green Rel', '2021-07-22', NULL, NULL, 1000000, NULL, NULL, NULL, NULL, NULL, 1),
(133, NULL, 3, 2363, 'CHANDRA DWI NARITA, SE', NULL, NULL, '08817171744', 'Vespa Primavera 150 iGET ABS New White', '2021-07-22', NULL, NULL, 1000000, NULL, NULL, NULL, NULL, NULL, 1),
(134, NULL, 3, 2364, 'BRILIANA KIKI AMELIA', NULL, NULL, NULL, 'VESPA SPRINT iGET 150 ABS NEW WHITE GLOSSY', '2021-07-22', NULL, NULL, 1000000, NULL, NULL, NULL, NULL, NULL, 1),
(135, NULL, 4, 2369, 'REFLY DWI IRAWAN', NULL, NULL, '082131244380', 'Vespa Primavera S 150 iGET ABS Green Rel', '2021-07-23', NULL, NULL, 0, NULL, NULL, NULL, NULL, NULL, 1),
(136, NULL, 4, 2368, 'ENDANG WAHYUNINGSIH', NULL, NULL, '082245154002', 'Vespa Primavera S 150 iGET ABS Grey Azzu', '2021-07-23', NULL, NULL, 1000000, NULL, NULL, NULL, NULL, NULL, 1),
(137, NULL, 4, 2366, 'LILIK PUJIASTUTI', NULL, NULL, '081288617677', 'NEW VESPA LX IGET 125 3V YELLOW', '2021-07-23', NULL, NULL, 3000000, NULL, NULL, NULL, NULL, NULL, 1),
(138, NULL, 3, 2361, 'KHOIRIATUL ILMIAH', '082245558214', NULL, NULL, 'Vespa Primavera 150 iGET ABS New White', '2021-07-22', NULL, NULL, 1000000, NULL, NULL, NULL, NULL, NULL, 1),
(139, NULL, 3, 2367, 'LEPIE SYAMSIAR', '0897-0939-476', NULL, NULL, 'Vespa Primavera 150 iGET ABS New Orange', '2021-07-23', NULL, NULL, 1000000, NULL, NULL, NULL, NULL, NULL, 1),
(140, NULL, 4, 2324, 'SHOLIHUDDIN', NULL, NULL, '081330734965', 'Vespa Primavera S 150 iGET ABS Green Rel', '2021-07-15', NULL, NULL, 0, NULL, NULL, NULL, NULL, NULL, 1),
(141, NULL, 3, 2371, 'RICO YUDIAWAN PAMUNGKAS S. ST', NULL, NULL, '081359917111', 'Vespa Primavera 150 iGET ABS New White', '2021-07-23', NULL, NULL, 1150000, NULL, NULL, NULL, NULL, NULL, 1),
(142, NULL, 4, 2373, 'MUHAMMAD IKHFANI AFDILLAH', NULL, NULL, '087878765564', 'VESPA SPRINT IGET 150 ABS New BLACK', '2021-07-23', NULL, NULL, 1000000, NULL, NULL, NULL, NULL, NULL, 1),
(143, NULL, 4, 2370, 'SALWA FITRANI', NULL, NULL, '081232181212', 'Vespa Primavera S 150 iGET ABS Green Rel', '2021-07-23', NULL, NULL, 500000, NULL, NULL, NULL, NULL, NULL, 1),
(144, NULL, 3, 2374, 'ENDANG RUKMIATI', NULL, NULL, NULL, 'VESPA SPRINT iGET 150 ABS NEW WHITE GLOSSY', '2021-07-23', NULL, NULL, 0, NULL, NULL, NULL, NULL, NULL, 1),
(145, NULL, 3, 2380, 'FARIS JAYA', NULL, NULL, '087853278654', 'VESPA SPRINT iGET 150 ABS NEW WHITE GLOSSY', '2021-07-24', NULL, NULL, 1000000, NULL, NULL, NULL, NULL, NULL, 1),
(146, NULL, 3, 2378, 'LAILIL FARIDAH', NULL, NULL, '089643503758', 'Vespa Primavera 150 iGET ABS New White', '2021-07-24', NULL, NULL, 500000, NULL, NULL, NULL, NULL, NULL, 1),
(147, NULL, 3, 2379, 'SUTOMO KHOMARI', '08113607493', NULL, '08113607493', 'Vespa GTS 150 iGET RST GREY STILE', '2021-07-24', NULL, NULL, 2000000, NULL, NULL, NULL, NULL, NULL, 1),
(148, NULL, 4, 2376, 'RONNY ARFANDY , ST', NULL, NULL, '082244150088', 'Vespa Primavera S 150 iGET ABS Grey Azzu', '2021-07-24', NULL, NULL, 1000000, NULL, NULL, NULL, NULL, NULL, 1),
(149, NULL, 4, 2375, 'Dr KUNTORO', NULL, NULL, '081230394046', 'Vespa Primavera 150 iGET ABS New White', '2021-07-23', NULL, NULL, 0, NULL, NULL, NULL, NULL, NULL, 1),
(150, NULL, 3, 2381, 'VINA DWI KURNIAWATI', NULL, NULL, NULL, 'VESPA SPRINT S IGET 150 ABS Black', '2021-07-26', NULL, NULL, 1000000, NULL, NULL, NULL, NULL, NULL, 1),
(151, NULL, 3, 2382, 'CHUSNUL ADIBAH', NULL, NULL, NULL, 'VESPA SPRINT S IGET 150 ABS Yellow Gloss', '2021-07-26', NULL, NULL, 1500000, NULL, NULL, NULL, NULL, NULL, 1),
(152, NULL, 4, 2386, 'BAGUS ALVIANTO SANJOYO', NULL, NULL, '087880017318', 'VESPA GTV SEI GIORNI HPE 300', '2021-07-27', NULL, NULL, 700000, NULL, NULL, NULL, NULL, NULL, 1),
(153, NULL, 4, 2385, 'CORNELIA CATRIN DEA', NULL, NULL, '082139079084', 'NEW VESPA LX125 IGET RED', '2021-07-26', NULL, NULL, 3000000, NULL, NULL, NULL, NULL, NULL, 1),
(154, NULL, 4, 2384, 'MOCH. SYAFAAT ARDY PRAMONO', NULL, NULL, '08113393691', 'VESPA GTV SEI GIORNI HPE 300', '2021-07-26', NULL, NULL, 0, NULL, NULL, NULL, NULL, NULL, 1),
(155, NULL, 3, 2387, 'YOGA WASIS BUDIARSA', NULL, NULL, '0813-5909-173', 'VESPA SPRINT S IGET 150 ABS Blue Ottanio', '2021-07-26', NULL, NULL, 1250000, NULL, NULL, NULL, NULL, NULL, 1),
(156, NULL, 3, 2391, 'YODHA PRIANANDA', '085231323343', NULL, '085231323343', 'NEW VESPA LX125 IGET RED', '2021-07-27', NULL, NULL, 3000000, NULL, NULL, NULL, NULL, NULL, 1),
(157, NULL, 3, 2397, 'ISWANTI', NULL, NULL, NULL, 'VESPA SPRINT S IGET 150 ABS Yellow Gloss', '2021-07-28', NULL, NULL, 1000000, NULL, NULL, NULL, NULL, NULL, 1),
(158, NULL, 3, 2396, 'RISKA PANCA AGUSTIN', NULL, NULL, '081556556644', 'VESPA SPRINT S IGET 150 ABS Blue Ottanio', '2021-07-27', NULL, NULL, 500000, NULL, NULL, NULL, NULL, NULL, 1),
(159, NULL, 3, 2394, 'Sari Mahmuda', NULL, NULL, '082332993219', 'VESPA SPRINT S IGET 150 ABS Yellow Gloss', '2021-07-27', NULL, NULL, 500000, NULL, NULL, NULL, NULL, NULL, 1),
(160, NULL, 3, 2395, 'LUKMAN WIJAYA KUSUMA', NULL, NULL, '081232067088', 'VESPA SPRINT S IGET 150 ABS Yellow Gloss', '2021-07-27', NULL, NULL, 500000, NULL, NULL, NULL, NULL, NULL, 1),
(161, NULL, 4, 2399, 'CHIESA DEARTA RAMADHAN', '085796252743', NULL, NULL, 'VESPA SPRINT S IGET 150 ABS Black', '2021-07-28', NULL, NULL, 1000000, NULL, NULL, NULL, NULL, NULL, 1),
(162, NULL, 4, 2398, 'HENDI PURWANTO', NULL, NULL, '081230389200', 'VESPA SPRINT S IGET 150 ABS Blue Ottanio', '2021-07-29', NULL, NULL, 1000000, NULL, NULL, NULL, NULL, NULL, 1),
(163, NULL, 3, 2401, 'AYANG GUSIRI', NULL, NULL, '085646574920', 'VESPA SPRINT S IGET 150 ABS Black', '2021-07-29', NULL, NULL, 1000000, NULL, NULL, NULL, NULL, NULL, 1),
(164, NULL, 3, 2400, 'GREA RISKI', NULL, NULL, '082226884763', 'Vespa Primavera 150 iGET ABS New White', '2021-07-28', NULL, NULL, 1000000, NULL, NULL, NULL, NULL, NULL, 1),
(165, NULL, 4, 2402, 'ANANG ARIFINS, PD, MM', NULL, NULL, '08123194199', 'Vespa Primavera 150 iGET ABS New White', '2021-07-29', NULL, NULL, 0, NULL, NULL, NULL, NULL, NULL, 1),
(166, NULL, 3, 2406, 'DIDIK SANTOSA', NULL, NULL, '085606921594', 'VESPA SPRINT iGET 150 ABS NEW WHITE GLOSSY', '2021-07-29', NULL, NULL, 0, NULL, NULL, NULL, NULL, NULL, 1),
(167, NULL, 4, 2407, 'TOTI DARMALA', NULL, NULL, '0895636674399', 'VESPA SPRINT S IGET 150 ABS Black', '2021-07-29', NULL, NULL, 1000000, NULL, NULL, NULL, NULL, NULL, 1),
(168, NULL, 3, 2405, 'ENDANG TIRTANA', '081330704706', NULL, NULL, 'VESPA PRIMAVERA 150 75TH ANNIVERSARY GOLD', '2021-07-29', NULL, NULL, 0, NULL, NULL, NULL, NULL, NULL, 1),
(169, NULL, 3, 2403, 'MUHAMMAD MUHADI', NULL, NULL, '085733141758', 'PIAGGIO VESPA S IGET 125 FL BLUE', '2021-07-29', NULL, NULL, 3000000, NULL, NULL, NULL, NULL, NULL, 1),
(170, NULL, 3, 2408, 'DANIEL ELISA RADIANTO', NULL, NULL, '085230683215', 'PIAGGIO VESPA S IGET 125 FL BLUE', '2021-07-29', NULL, NULL, 3000000, NULL, NULL, NULL, NULL, NULL, 1),
(171, NULL, 3, 2409, 'DANIK VINDAH LESTARI', '081336275427', NULL, '081336275427', 'Vespa Primavera S 150 iGET ABS Green Rel', '2021-07-29', NULL, NULL, 1000000, NULL, NULL, NULL, NULL, NULL, 1),
(172, NULL, 3, 2412, 'IWAN NOVITIAWAN QQ ANIK', NULL, NULL, '085235174234', 'Vespa Primavera S 150 iGET ABS Green Rel', '2021-07-30', NULL, NULL, 1000000, NULL, NULL, NULL, NULL, NULL, 1),
(173, NULL, 4, 2410, 'SYAFIH', NULL, NULL, '081939331093', 'VESPA SPRINT S IGET 150 ABS Yellow Gloss', '2021-07-30', NULL, NULL, 1250000, NULL, NULL, NULL, NULL, NULL, 1),
(174, NULL, 4, 2411, 'YUSFIKA NANI SA \' ADAHSH.MH', NULL, NULL, '08113055586', 'NEW VESPA LX125 IGET RED', '2021-07-30', NULL, NULL, 3000000, NULL, NULL, NULL, NULL, NULL, 1),
(175, NULL, 4, 2413, 'MUHAMMAD THOHIR MASRUHAN', NULL, NULL, '0878-5674-124', 'VESPA SPRINT iGET 150 ABS NEW WHITE GLOSSY', '2021-07-30', NULL, NULL, 1000000, NULL, NULL, NULL, NULL, NULL, 1),
(176, NULL, 3, 2414, 'MISTARI', NULL, NULL, '08331451058', 'VESPA SPRINT iGET 150 ABS NEW WHITE GLOSSY', '2021-07-30', NULL, NULL, 1000000, NULL, NULL, NULL, NULL, NULL, 1),
(177, NULL, 3, 2415, 'DWI YUNIANTO', NULL, NULL, '08121724427', 'PIAGGIO VESPA S IGET 125 FL GREY', '2021-07-30', NULL, NULL, 3000000, NULL, NULL, NULL, NULL, NULL, 1),
(178, NULL, 3, 2418, 'DARA VRIGITA GUNARTIKA PUTRI', NULL, NULL, '081331470820', 'Vespa Primavera S 150 iGET ABS Green Rel', '2021-07-30', NULL, NULL, 1000000, NULL, NULL, NULL, NULL, NULL, 1),
(179, NULL, 3, 2423, 'REDITA APRILIA SANDRA', NULL, NULL, '087787081140', 'Vespa Primavera S 150 iGET ABS Green Rel', '2021-07-31', NULL, NULL, 500000, NULL, NULL, NULL, NULL, NULL, 1),
(180, NULL, 4, 2421, 'DUDUT ARNANDA', NULL, NULL, NULL, 'Vespa Primavera 150 iGET ABS New Grey', '2021-07-31', NULL, NULL, 1000000, NULL, NULL, NULL, NULL, NULL, 1),
(181, NULL, 3, 2420, 'IRKHAM MAHMUDI', NULL, NULL, '0813-3324-330', 'Vespa Primavera S 150 iGET ABS Green Rel', '2021-07-30', NULL, NULL, 500000, NULL, NULL, NULL, NULL, NULL, 1),
(182, NULL, 3, 2419, 'RIZKY TA\'ZIYAH PRADANI S', NULL, NULL, '081772811101', 'Vespa Primavera S 150 iGET ABS Green Rel', '2021-07-30', NULL, NULL, 1000000, NULL, NULL, NULL, NULL, NULL, 1),
(183, NULL, 3, 2417, 'Ari Eka Setya', NULL, NULL, '081554221478', 'Vespa Primavera S 150 iGET ABS Green Rel', '2021-07-30', NULL, NULL, 500000, NULL, NULL, NULL, NULL, NULL, 1),
(184, NULL, 4, 2425, 'SUTRI WINENGSIH', NULL, NULL, '085807130826', 'PIAGGIO VESPA S IGET 125 FL BLACK', '2021-07-31', NULL, NULL, 3000000, NULL, NULL, NULL, NULL, NULL, 1),
(185, NULL, 4, 2261, 'DUI ADE NOFEMBY SE', NULL, NULL, '081216414141', 'VESPA PRIMAVERA 150 75TH ANNIVERSARY GOLD', '2021-07-08', NULL, NULL, 0, NULL, NULL, NULL, NULL, NULL, 1),
(186, NULL, 4, 2270, 'ANIS TI\'ANA POTTAG', NULL, NULL, '08113355777', 'Vespa Primavera S 150 iGET ABS Green Rel', '2021-07-09', NULL, NULL, 1000000, NULL, NULL, NULL, NULL, NULL, 1),
(187, NULL, 4, 2372, 'YUNITA RIZKI PUTRI', NULL, NULL, '083834448712', 'NEW VESPA LX125 IGET RED', '2021-07-23', NULL, NULL, 3000000, NULL, NULL, NULL, NULL, NULL, 1),
(188, NULL, 4, 2293, 'WISNU HANDOYO', NULL, NULL, '08125965899', 'VESPA SPRINT S IGET 150 ABS Yellow Gloss', '2021-07-12', NULL, NULL, 1300000, NULL, NULL, NULL, NULL, NULL, 1),
(189, NULL, 3, 2426, 'WIWIT FATAHILLAH', '081241766664', NULL, '081241766664', 'Vespa Primavera S 150 iGET ABS Green Rel', '2021-07-31', NULL, NULL, 1000000, NULL, NULL, NULL, NULL, NULL, 1),
(190, NULL, 4, 2429, 'DODIET ARYA MAHENDRA', NULL, NULL, '0878-6673-090', 'Vespa Primavera 150 iGET ABS New Orange', '2021-07-31', NULL, NULL, 1000000, NULL, NULL, NULL, NULL, NULL, 1),
(191, NULL, 3, 2431, 'ADELLE AZZAHRA SHOLIHIN NOOR PRAMESTI', NULL, NULL, '081556401777', 'Vespa Primavera S 150 iGET ABS Grey Azzu', '2021-07-31', NULL, NULL, 0, NULL, NULL, NULL, NULL, NULL, 1),
(192, NULL, 4, 2432, 'DEDI PURWANDOYO', NULL, NULL, '081231067674', 'VESPA SPRINT iGET 150 ABS NEW WHITE GLOSSY', '2021-07-31', NULL, NULL, 1000000, NULL, NULL, NULL, NULL, NULL, 1),
(193, NULL, 4, 2427, 'SURYA HIDAYAT', NULL, NULL, '08113785588', 'VESPA GTS 300 75TH ANNIVERSARY GOLD', '2021-07-31', NULL, NULL, 0, NULL, NULL, NULL, NULL, NULL, 1),
(194, NULL, 3, 11772, 'WAHYU ARIYANTO', '082231443288', NULL, '082231443288', 'VESPA SPRINT S iGET 150 ABS GREY AVIO G', '2021-07-01', NULL, NULL, 0, NULL, NULL, NULL, NULL, NULL, 2),
(195, NULL, 3, 11327, 'I MADE DHARMA WIBAWA', '081553977668', NULL, '081553977668', 'VESPA PRIMAVERA 150 iGET ABS NEW WHITE B', '2021-07-01', NULL, NULL, 0, NULL, NULL, NULL, NULL, NULL, 2),
(196, NULL, 4, 13466, 'SUGIONO', NULL, NULL, '081233917812', 'VESPA LX 150 IE COKLAT', '2021-07-02', NULL, NULL, 0, NULL, NULL, NULL, NULL, NULL, 2),
(197, NULL, 3, 11598, 'ARI EKO SUHENDRI YANTO', NULL, NULL, '085731833234', 'VESPA SPRINT S IGET 150 ABS BLACK MATT', '2021-07-01', '2021-08-12', '20:12:57', 0, 6, 'Good.', NULL, NULL, NULL, 2),
(198, NULL, 3, 11598, 'ARI EKO SUHENDRI YANTO', NULL, NULL, '085731833234', 'PIAGGIO VESPA S IGET 125 FL BLACK', '2021-07-01', NULL, NULL, 0, NULL, NULL, NULL, NULL, NULL, 2),
(199, NULL, 3, 10234, 'MUHAMMAD SADDAM HUSEIN', NULL, NULL, '082277043998', 'PIAGGIO VESPA S iGET 125 3V IE GREY', '2021-07-01', NULL, NULL, 0, NULL, NULL, NULL, NULL, NULL, 2),
(200, NULL, 3, 11570, 'YUDI SETIAWAN', NULL, NULL, '081231480505', 'PIAGGIO VESPA SPRINT 150 3V IE A/T BLUE', '2021-07-01', NULL, NULL, 0, NULL, NULL, NULL, NULL, NULL, 2),
(201, NULL, 3, 12111, 'APRILIA PRASETYAWATI', NULL, NULL, '0818326799', 'PIAGGIO VESPA S IGET 125 FL GREY', '2021-07-01', NULL, NULL, 0, NULL, NULL, NULL, NULL, NULL, 2),
(202, NULL, 3, 14031, 'UPIK YULIATI NING TYAS', NULL, NULL, '08983803341', 'VESPA SPRINT IGET 150 3V MATT RED', '2021-07-01', NULL, NULL, 0, NULL, NULL, NULL, NULL, NULL, 2),
(203, NULL, 4, 11421, 'YESAYA PRADANA', '082141035267', NULL, NULL, 'NEW VESPA LX125 IGET RED', '2021-07-02', NULL, NULL, 0, NULL, NULL, NULL, NULL, NULL, 2),
(204, NULL, 3, 14039, 'FARAH FAUZIYYAH RAMADHANI', NULL, NULL, '082228888899/', 'PIAGGIO VESPA GTS 300 SUPER SPORT ABS GR', '2021-07-02', NULL, NULL, 0, NULL, NULL, NULL, NULL, NULL, 2),
(205, NULL, 3, 13453, 'MUHAMMAD UWAYS HAIDAR MUSLIM', '082232226006', NULL, '082232226006', 'Vespa Primavera 150 iGET ABS New GREEN', '2021-07-02', NULL, NULL, 0, NULL, NULL, NULL, NULL, NULL, 2),
(206, NULL, 3, 10934, 'AGES KRIS UTOMO, A.MD.KEP', NULL, NULL, '082231080622', 'VESPA PRIMAVERA S 150 iGET ABS  BLACK GLOSSY', '2021-07-02', NULL, NULL, 0, NULL, NULL, NULL, NULL, NULL, 2),
(207, NULL, 4, 11624, 'AGIT ANGGRIAWAN', '087703270441', NULL, '087703270441', 'VESPA SPRINT S IGET 150 ABS YELLOW GLOSY', '2021-07-06', NULL, NULL, 0, NULL, NULL, NULL, NULL, NULL, 2),
(208, NULL, 3, 10116, 'BUDIARTO.ST / PALUPI DEWI', NULL, NULL, '081233333004', 'VESPA GTS 150 IGET RST BLACK', '2021-07-05', NULL, NULL, 0, NULL, NULL, NULL, NULL, NULL, 2),
(209, NULL, 3, 13459, 'ERIKE LISA DEVIDA', '082233533398', NULL, NULL, 'Vespa Primavera 150 iGET ABS New GREEN', '2021-07-05', NULL, NULL, 0, NULL, NULL, NULL, NULL, NULL, 2),
(210, NULL, 3, 10884, 'FAUZAN ARISTYO', NULL, NULL, '087702700618', 'PIAGGIO VESPA LXV 150 3V IE A/T RED CHIA', '2021-07-05', NULL, NULL, 0, NULL, NULL, NULL, NULL, NULL, 2),
(211, NULL, 3, 12823, 'KRISNA RAHMADANI', NULL, NULL, '085337641202', 'VESPA SPRINT S IGET 150 ABS Black', '2021-07-05', NULL, NULL, 0, NULL, NULL, NULL, NULL, NULL, 2),
(212, NULL, 3, 12823, 'KRISNA RAHMADANI', NULL, NULL, '085337641202', 'PIAGGIO VESPA SPRINT 150 3V IE A/T GREY', '2021-07-05', NULL, NULL, 0, NULL, NULL, NULL, NULL, NULL, 2),
(213, NULL, 3, 12914, 'GALEH PUJAYANTO/SUDARSONO', NULL, NULL, '082132017604', 'PIAGGIO VESPA SPRINT 150 3V IE A/T RED', '2021-07-05', NULL, NULL, 0, NULL, NULL, NULL, NULL, NULL, 2),
(214, NULL, 3, 10472, 'KUSNENDAR', '08123502802', NULL, '08123502802', 'VESPA SPRINT iGET 150 ABS NEW YELLOW GLOSSY', '2021-07-06', NULL, NULL, 0, NULL, NULL, NULL, NULL, NULL, 2),
(215, NULL, 3, 10472, 'KUSNENDAR', '08123502802', NULL, '08123502802', 'VESPA SPRINT iGET 150 ABS NEW YELLOW GLOSSY', '2021-07-06', NULL, NULL, 0, NULL, NULL, NULL, NULL, NULL, 2),
(216, NULL, 3, 12959, 'WIDYA DWI ASTUTIK', '081235957589', NULL, NULL, 'VESPA SPRINT IGET 150 ABS New Red Rosso', '2021-07-06', NULL, NULL, 0, NULL, NULL, NULL, NULL, NULL, 2),
(217, NULL, 4, 12393, 'RIZKI RAMADHAN', NULL, NULL, '081330577031', 'VESPA SPRINT S IGET 150 ABS YELLOW GLOSY', '2021-07-06', NULL, NULL, 0, NULL, NULL, NULL, NULL, NULL, 2),
(218, NULL, 3, 10769, 'JOHAN / RUSKI', '083869108842', NULL, '083869108842', 'VESPA LX 125 BIRU', '2021-07-06', NULL, NULL, 0, NULL, NULL, NULL, NULL, NULL, 2),
(219, NULL, 3, 10914, 'DIAH NURJANAH RUSDIANA', NULL, NULL, '081232412467', 'PIAGGIO VESPA S iGET 125 3V IE GREEN', '2021-07-06', NULL, NULL, 0, NULL, NULL, NULL, NULL, NULL, 2),
(220, NULL, 3, 12047, 'ACHMAD SYAMSUL MA\'ARIF', '081234421577', NULL, '081234421577', 'PIAGGIO VESPA S IGET 125 FL BLUE', '2021-07-06', NULL, NULL, 0, NULL, NULL, NULL, NULL, NULL, 2),
(221, NULL, 3, 12861, 'ZULKIFLI ARIF, ST', NULL, NULL, '081330781179', 'PIAGGIO VESPA S IGET 125 FL BLUE', '2021-07-07', NULL, NULL, 0, NULL, NULL, NULL, NULL, NULL, 2),
(222, NULL, 3, 11632, 'EHSAR DESA MAHARDIKA', NULL, NULL, '087703134224', 'PIAGGIO VESPA SPRINT 150 3V IE A/T BLUE', '2021-07-07', NULL, NULL, 0, NULL, NULL, NULL, NULL, NULL, 2),
(223, NULL, 3, 10901, 'AFFAN / CARINA LIDYA', NULL, NULL, '081262324777', 'VESPA PRIMAVERA IGET 150 3V IE M. BLUE', '2021-07-07', NULL, NULL, 0, NULL, NULL, NULL, NULL, NULL, 2),
(224, NULL, 3, 10901, 'AFFAN / CARINA LIDYA', NULL, NULL, '081262324777', 'VESPA PRIMAVERA IGET 150 ABS 50TH BROWN', '2021-07-07', NULL, NULL, 0, NULL, NULL, NULL, NULL, NULL, 2),
(225, NULL, 4, 12679, 'SULTAN', NULL, NULL, '082192585515', 'NEW VESPA LX125 IGET BLUE', '2021-07-07', NULL, NULL, 0, NULL, NULL, NULL, NULL, NULL, 2),
(226, NULL, 3, 11008, 'EKO FIRMANSYAH', NULL, NULL, '08123057723', 'VESPA PRIMAVERA IGET 150 ABS GREY', '2021-07-16', NULL, NULL, 0, NULL, NULL, NULL, NULL, NULL, 2),
(227, NULL, 3, 11104, 'LUQI WAHYUNING DIANA', '081357011881', NULL, NULL, 'VESPA PRIMAVERA 150 iGET ABS NEW BLUEDEP', '2021-07-16', NULL, NULL, 0, NULL, NULL, NULL, NULL, NULL, 2),
(228, NULL, 3, 10920, 'AHMAD MUTAMMIM', NULL, NULL, '08123084018', 'VESPA PRIMAVERA 150 iGET ABS NEW WHITE B', '2021-07-16', NULL, NULL, 0, NULL, NULL, NULL, NULL, NULL, 2),
(229, NULL, 3, 11398, 'HERMAWAN', '082138207327', NULL, NULL, 'Vespa Primavera 150 iGET ABS New GREEN', '2021-07-16', NULL, NULL, 0, NULL, NULL, NULL, NULL, NULL, 2),
(230, NULL, 3, 11116, 'RULLY HARYANI', '081336696820', NULL, '081336696820', 'VESPA PRIMAVERA 150 iGET ABS NEW WHITE B', '2021-07-16', NULL, NULL, 0, NULL, NULL, NULL, NULL, NULL, 2),
(231, NULL, 3, 13553, 'DWI PRASETYONINGSIH', '085648339677', NULL, '085648339677', 'VESPA SPRINT iGET 150 ABS NEW WHITE GLOSSY', '2021-07-23', NULL, NULL, 0, NULL, NULL, NULL, NULL, NULL, 2),
(232, NULL, 3, 10688, 'HARRY SETIAWAN', '081232420198', NULL, '081232420198', 'VESPA GTS 150 IGET RST YELLOW', '2021-07-23', NULL, NULL, 0, NULL, NULL, NULL, NULL, NULL, 2),
(233, NULL, 3, 12925, 'LIANAH', '0855815256357', NULL, NULL, 'NEW VESPA LX IGET 125 3V YELLOW', '2021-07-23', NULL, NULL, 0, NULL, NULL, NULL, NULL, NULL, 2);

-- --------------------------------------------------------

--
-- Table structure for table `tb_surv_detail_telepon`
--

CREATE TABLE `tb_surv_detail_telepon` (
  `id_detail_telepon` int(11) NOT NULL,
  `id_header_telepon` int(11) DEFAULT NULL,
  `telepon` varchar(25) DEFAULT NULL,
  `id_respon` int(11) DEFAULT NULL,
  `tgl_detail_telepon` varchar(20) DEFAULT NULL,
  `time_detail_telepon` varchar(20) DEFAULT NULL
) ENGINE=InnoDB DEFAULT CHARSET=latin1;

--
-- Dumping data for table `tb_surv_detail_telepon`
--

INSERT INTO `tb_surv_detail_telepon` (`id_detail_telepon`, `id_header_telepon`, `telepon`, `id_respon`, `tgl_detail_telepon`, `time_detail_telepon`) VALUES
(1, 1, '085731833234', 6, '2021-08-12', '20:12:57'),
(2, 2, '081336655965', 6, '2021-08-12', '20:13:22');

-- --------------------------------------------------------

--
-- Table structure for table `tb_surv_header_telepon`
--

CREATE TABLE `tb_surv_header_telepon` (
  `id_header_telepon` int(11) NOT NULL,
  `id_surv` int(11) DEFAULT NULL,
  `flex_telepon` varchar(25) DEFAULT NULL,
  `counter` int(11) DEFAULT NULL,
  `tipe_cust` int(11) DEFAULT NULL,
  `created_at_by` text,
  `updated_at_by` text
) ENGINE=InnoDB DEFAULT CHARSET=latin1;

--
-- Dumping data for table `tb_surv_header_telepon`
--

INSERT INTO `tb_surv_header_telepon` (`id_header_telepon`, `id_surv`, `flex_telepon`, `counter`, `tipe_cust`, `created_at_by`, `updated_at_by`) VALUES
(1, 197, 'hp', 1, 2, 'Created At 2021-08-12||20:12:57 & By aji - Aji Firmansyah', NULL),
(2, 4, 'hp', 1, 1, 'Created At 2021-08-12||20:13:22 & By aji - Aji Firmansyah', NULL);

--
-- Indexes for dumped tables
--

--
-- Indexes for table `mst_company`
--
ALTER TABLE `mst_company`
  ADD PRIMARY KEY (`nama`);

--
-- Indexes for table `mst_quest`
--
ALTER TABLE `mst_quest`
  ADD PRIMARY KEY (`id_quest`);

--
-- Indexes for table `mst_respon`
--
ALTER TABLE `mst_respon`
  ADD PRIMARY KEY (`id_respon`);

--
-- Indexes for table `tb_detsurv`
--
ALTER TABLE `tb_detsurv`
  ADD PRIMARY KEY (`id_detsurv`);

--
-- Indexes for table `tb_hedsurv`
--
ALTER TABLE `tb_hedsurv`
  ADD PRIMARY KEY (`id_hedsurv`);

--
-- Indexes for table `tb_surv`
--
ALTER TABLE `tb_surv`
  ADD PRIMARY KEY (`id_surv`);

--
-- Indexes for table `tb_surv_detail_telepon`
--
ALTER TABLE `tb_surv_detail_telepon`
  ADD PRIMARY KEY (`id_detail_telepon`);

--
-- Indexes for table `tb_surv_header_telepon`
--
ALTER TABLE `tb_surv_header_telepon`
  ADD PRIMARY KEY (`id_header_telepon`);

--
-- AUTO_INCREMENT for dumped tables
--

--
-- AUTO_INCREMENT for table `mst_quest`
--
ALTER TABLE `mst_quest`
  MODIFY `id_quest` int(11) NOT NULL AUTO_INCREMENT, AUTO_INCREMENT=9;

--
-- AUTO_INCREMENT for table `mst_respon`
--
ALTER TABLE `mst_respon`
  MODIFY `id_respon` int(11) NOT NULL AUTO_INCREMENT, AUTO_INCREMENT=7;

--
-- AUTO_INCREMENT for table `tb_detsurv`
--
ALTER TABLE `tb_detsurv`
  MODIFY `id_detsurv` int(11) NOT NULL AUTO_INCREMENT, AUTO_INCREMENT=9;

--
-- AUTO_INCREMENT for table `tb_hedsurv`
--
ALTER TABLE `tb_hedsurv`
  MODIFY `id_hedsurv` int(11) NOT NULL AUTO_INCREMENT, AUTO_INCREMENT=3;

--
-- AUTO_INCREMENT for table `tb_surv`
--
ALTER TABLE `tb_surv`
  MODIFY `id_surv` int(11) NOT NULL AUTO_INCREMENT, AUTO_INCREMENT=234;

--
-- AUTO_INCREMENT for table `tb_surv_detail_telepon`
--
ALTER TABLE `tb_surv_detail_telepon`
  MODIFY `id_detail_telepon` int(11) NOT NULL AUTO_INCREMENT, AUTO_INCREMENT=3;

--
-- AUTO_INCREMENT for table `tb_surv_header_telepon`
--
ALTER TABLE `tb_surv_header_telepon`
  MODIFY `id_header_telepon` int(11) NOT NULL AUTO_INCREMENT, AUTO_INCREMENT=3;
COMMIT;

/*!40101 SET CHARACTER_SET_CLIENT=@OLD_CHARACTER_SET_CLIENT */;
/*!40101 SET CHARACTER_SET_RESULTS=@OLD_CHARACTER_SET_RESULTS */;
/*!40101 SET COLLATION_CONNECTION=@OLD_COLLATION_CONNECTION */;
